Filename;Mean;Median;Std_Dev;Subset_1
adulterado.txt;18.0956461566;18.0956461566;0.0;18.0956461566
caso23,IMSP.TxSP3;33.8016365286;33.8016365286;0.0;33.8016365286
S0001312.txt;18.0581906964;18.0581906964;0.0;18.0581906964
