Filename;Mean;Median;Std_Dev;Subset_1
adulterado.txt;0.126009035219;0.126009035219;0.0;0.126009035219
caso23,IMSP.TxSP3;;;;
S0001312.txt;0.120851473581;0.120851473581;0.0;0.120851473581
